epoch,time,train/box_loss,train/cls_loss,train/dfl_loss,metrics/precision(B),metrics/recall(B),metrics/mAP50(B),metrics/mAP50-95(B),val/box_loss,val/cls_loss,val/dfl_loss,lr/pg0,lr/pg1,lr/pg2,lr/pg3,lr/pg4,lr/pg5,lr/pg6,lr/pg7
1,124.404,1.30829,2.49867,1.5671,0.65669,0.60499,0.66832,0.38954,1.33809,1.61624,1.53917,0.00998371,0.0033279,0.00998371,0.0033279,0.00998371,0.0033279,0.00998371,0.0033279
2,229.096,1.27357,1.82263,1.53328,0.53093,0.38801,0.40717,0.22153,1.62266,2.13856,1.90174,0.0197859,0.00659529,0.0197859,0.00659529,0.0197859,0.00659529,0.0197859,0.00659529
3,327.238,1.38173,1.87668,1.62736,0.43953,0.44928,0.39758,0.23027,1.44388,1.91784,1.72256,0.02939,0.00979668,0.02939,0.00979668,0.02939,0.00979668,0.02939,0.00979668
4,423.513,1.42106,1.94364,1.66815,0.48359,0.44961,0.45113,0.27536,1.39099,1.9476,1.70878,0.029109,0.009703,0.029109,0.009703,0.029109,0.009703,0.029109,0.009703
5,520.15,1.34879,1.76597,1.61071,0.68862,0.62283,0.67718,0.44883,1.17456,1.29553,1.48718,0.028812,0.009604,0.028812,0.009604,0.028812,0.009604,0.028812,0.009604
6,616.155,1.29384,1.65314,1.56723,0.70322,0.65736,0.70152,0.4806,1.09425,1.21204,1.43588,0.028515,0.009505,0.028515,0.009505,0.028515,0.009505,0.028515,0.009505
7,711.845,1.26072,1.56168,1.54252,0.7419,0.64729,0.71523,0.50815,1.00869,1.18601,1.36249,0.028218,0.009406,0.028218,0.009406,0.028218,0.009406,0.028218,0.009406
8,807.75,1.23241,1.50707,1.52736,0.7538,0.65608,0.74068,0.52384,1.03569,1.11737,1.39496,0.027921,0.009307,0.027921,0.009307,0.027921,0.009307,0.027921,0.009307
9,905.153,1.19717,1.42243,1.49339,0.75121,0.65342,0.74079,0.53505,0.97923,1.17453,1.33245,0.027624,0.009208,0.027624,0.009208,0.027624,0.009208,0.027624,0.009208
10,1000.96,1.18102,1.38628,1.48049,0.77339,0.70963,0.78269,0.56,0.99367,1.03847,1.33446,0.027327,0.009109,0.027327,0.009109,0.027327,0.009109,0.027327,0.009109
11,1096.97,1.15996,1.34911,1.46226,0.77697,0.71465,0.77281,0.58009,0.87707,0.98015,1.25588,0.02703,0.00901,0.02703,0.00901,0.02703,0.00901,0.02703,0.00901
12,1192.53,1.15663,1.32863,1.46483,0.8188,0.74547,0.82717,0.62382,0.88727,0.88083,1.26781,0.026733,0.008911,0.026733,0.008911,0.026733,0.008911,0.026733,0.008911
13,1288.16,1.13454,1.28185,1.44413,0.8578,0.76483,0.84663,0.65148,0.85612,0.82437,1.237,0.026436,0.008812,0.026436,0.008812,0.026436,0.008812,0.026436,0.008812
14,1383.94,1.12775,1.26763,1.43774,0.84594,0.7794,0.85505,0.63882,0.91728,0.8627,1.25201,0.026139,0.008713,0.026139,0.008713,0.026139,0.008713,0.026139,0.008713
15,1479.6,1.10855,1.22933,1.42502,0.83934,0.79562,0.85966,0.66169,0.84499,0.78627,1.21473,0.025842,0.008614,0.025842,0.008614,0.025842,0.008614,0.025842,0.008614
16,1575.23,1.09352,1.20182,1.41696,0.85511,0.79576,0.86489,0.663,0.83546,0.75517,1.21177,0.025545,0.008515,0.025545,0.008515,0.025545,0.008515,0.025545,0.008515
17,1671,1.08419,1.18844,1.40643,0.8612,0.79972,0.87073,0.66791,0.84553,0.72943,1.21787,0.025248,0.008416,0.025248,0.008416,0.025248,0.008416,0.025248,0.008416
18,1766.99,1.08043,1.16219,1.40043,0.84675,0.75438,0.84596,0.64333,0.85692,0.82517,1.22589,0.024951,0.008317,0.024951,0.008317,0.024951,0.008317,0.024951,0.008317
19,1863.14,1.06781,1.15098,1.39071,0.86614,0.82537,0.88388,0.69795,0.76319,0.67627,1.16249,0.024654,0.008218,0.024654,0.008218,0.024654,0.008218,0.024654,0.008218
20,1959.02,1.05469,1.13874,1.3843,0.8497,0.81203,0.88092,0.68999,0.78779,0.71685,1.18623,0.024357,0.008119,0.024357,0.008119,0.024357,0.008119,0.024357,0.008119
21,2054.9,1.04609,1.1062,1.37517,0.86569,0.7943,0.87619,0.69238,0.75387,0.71763,1.17004,0.02406,0.00802,0.02406,0.00802,0.02406,0.00802,0.02406,0.00802
22,2150.98,1.03983,1.09666,1.37434,0.88184,0.82552,0.89288,0.68947,0.82807,0.67794,1.18374,0.023763,0.007921,0.023763,0.007921,0.023763,0.007921,0.023763,0.007921
23,2246.65,1.03732,1.08976,1.37255,0.89104,0.83047,0.89466,0.71211,0.74543,0.65522,1.15665,0.023466,0.007822,0.023466,0.007822,0.023466,0.007822,0.023466,0.007822
24,2342.27,1.02544,1.06445,1.3622,0.89396,0.8213,0.8927,0.71717,0.72649,0.63761,1.13832,0.023169,0.007723,0.023169,0.007723,0.023169,0.007723,0.023169,0.007723
25,2438.02,1.01191,1.04184,1.34887,0.89011,0.83232,0.8968,0.7279,0.71076,0.61817,1.1275,0.022872,0.007624,0.022872,0.007624,0.022872,0.007624,0.022872,0.007624
26,2533.73,1.01863,1.05055,1.35488,0.89535,0.83832,0.89826,0.72078,0.74551,0.62949,1.14717,0.022575,0.007525,0.022575,0.007525,0.022575,0.007525,0.022575,0.007525
27,2629.32,1.00812,1.02536,1.34715,0.88688,0.85422,0.90944,0.72951,0.74279,0.60297,1.13065,0.022278,0.007426,0.022278,0.007426,0.022278,0.007426,0.022278,0.007426
28,2725.1,1.00416,1.02185,1.34038,0.90876,0.83663,0.90862,0.73048,0.71764,0.65851,1.12813,0.021981,0.007327,0.021981,0.007327,0.021981,0.007327,0.021981,0.007327
29,2820.94,0.99218,1.00999,1.33572,0.9091,0.83546,0.90672,0.73592,0.69545,0.59842,1.11457,0.021684,0.007228,0.021684,0.007228,0.021684,0.007228,0.021684,0.007228
30,2916.55,0.98532,0.99805,1.33022,0.9018,0.85179,0.9093,0.74808,0.68502,0.57847,1.10645,0.021387,0.007129,0.021387,0.007129,0.021387,0.007129,0.021387,0.007129
31,3012.26,0.98051,0.96885,1.32321,0.91612,0.85198,0.91402,0.74375,0.70774,0.56946,1.11903,0.02109,0.00703,0.02109,0.00703,0.02109,0.00703,0.02109,0.00703
32,3107.77,0.98083,0.98206,1.33089,0.91596,0.84791,0.91658,0.74601,0.69895,0.57352,1.10387,0.020793,0.006931,0.020793,0.006931,0.020793,0.006931,0.020793,0.006931
33,3203.87,0.96668,0.96917,1.31124,0.89693,0.8358,0.90699,0.7347,0.71074,0.61057,1.12498,0.020496,0.006832,0.020496,0.006832,0.020496,0.006832,0.020496,0.006832
34,3300.95,0.96315,0.95328,1.31381,0.90391,0.84139,0.90602,0.73911,0.69733,0.60046,1.10776,0.020199,0.006733,0.020199,0.006733,0.020199,0.006733,0.020199,0.006733
35,3396.64,0.95962,0.95076,1.31169,0.91087,0.84647,0.91541,0.75091,0.68152,0.57906,1.10369,0.019902,0.006634,0.019902,0.006634,0.019902,0.006634,0.019902,0.006634
36,3492.3,0.95677,0.94754,1.3075,0.91025,0.85311,0.91711,0.74374,0.71726,0.56633,1.10697,0.019605,0.006535,0.019605,0.006535,0.019605,0.006535,0.019605,0.006535
37,3588.15,0.95996,0.95414,1.31495,0.91267,0.84879,0.91865,0.75603,0.68903,0.56348,1.09465,0.019308,0.006436,0.019308,0.006436,0.019308,0.006436,0.019308,0.006436
38,3683.94,0.93935,0.92732,1.3,0.90809,0.85705,0.91743,0.76048,0.65985,0.56027,1.08253,0.019011,0.006337,0.019011,0.006337,0.019011,0.006337,0.019011,0.006337
39,3779.63,0.94806,0.9309,1.30338,0.91421,0.86242,0.92149,0.75159,0.69608,0.54611,1.09732,0.018714,0.006238,0.018714,0.006238,0.018714,0.006238,0.018714,0.006238
40,3875.26,0.93526,0.91158,1.29469,0.92229,0.85861,0.92146,0.75505,0.68389,0.54135,1.09504,0.018417,0.006139,0.018417,0.006139,0.018417,0.006139,0.018417,0.006139
41,3971.07,0.94404,0.92209,1.30176,0.91422,0.86518,0.919,0.76155,0.65876,0.53687,1.08181,0.01812,0.00604,0.01812,0.00604,0.01812,0.00604,0.01812,0.00604
42,4066.94,0.93052,0.90643,1.28803,0.91805,0.86531,0.92403,0.76833,0.65861,0.52957,1.07921,0.017823,0.005941,0.017823,0.005941,0.017823,0.005941,0.017823,0.005941
43,4162.77,0.92304,0.89576,1.28609,0.9244,0.86178,0.92751,0.77415,0.64123,0.52369,1.07283,0.017526,0.005842,0.017526,0.005842,0.017526,0.005842,0.017526,0.005842
44,4258.37,0.92538,0.88558,1.28348,0.91739,0.86533,0.92314,0.77228,0.64401,0.52285,1.07123,0.017229,0.005743,0.017229,0.005743,0.017229,0.005743,0.017229,0.005743
45,4353.93,0.91903,0.88485,1.28102,0.91844,0.86791,0.92716,0.77095,0.64411,0.52435,1.07631,0.016932,0.005644,0.016932,0.005644,0.016932,0.005644,0.016932,0.005644
46,4449.52,0.9182,0.88716,1.28067,0.92661,0.8544,0.92447,0.77207,0.63318,0.53356,1.06873,0.016635,0.005545,0.016635,0.005545,0.016635,0.005545,0.016635,0.005545
47,4545.17,0.9067,0.87355,1.27426,0.92695,0.86305,0.92862,0.77969,0.62546,0.50897,1.05827,0.016338,0.005446,0.016338,0.005446,0.016338,0.005446,0.016338,0.005446
48,4640.53,0.90095,0.85567,1.2709,0.92504,0.86506,0.9267,0.77542,0.62886,0.51105,1.06372,0.016041,0.005347,0.016041,0.005347,0.016041,0.005347,0.016041,0.005347
49,4735.85,0.90129,0.86578,1.27275,0.92135,0.87183,0.92929,0.777,0.6361,0.50095,1.06475,0.015744,0.005248,0.015744,0.005248,0.015744,0.005248,0.015744,0.005248
50,4831.2,0.89075,0.85534,1.26645,0.91023,0.87204,0.92804,0.77778,0.63073,0.50829,1.0597,0.015447,0.005149,0.015447,0.005149,0.015447,0.005149,0.015447,0.005149
51,4926.67,0.90072,0.85137,1.27058,0.92553,0.87814,0.93157,0.78439,0.62304,0.49157,1.05431,0.01515,0.00505,0.01515,0.00505,0.01515,0.00505,0.01515,0.00505
52,5022.06,0.89984,0.85153,1.26824,0.92067,0.87585,0.93235,0.78397,0.6249,0.4915,1.05771,0.014853,0.004951,0.014853,0.004951,0.014853,0.004951,0.014853,0.004951
53,5117.65,0.88381,0.84299,1.25742,0.93108,0.87764,0.9343,0.78786,0.62013,0.48391,1.05372,0.014556,0.004852,0.014556,0.004852,0.014556,0.004852,0.014556,0.004852
54,5213.18,0.88108,0.82761,1.25646,0.92337,0.87417,0.932,0.7868,0.61893,0.49237,1.05174,0.014259,0.004753,0.014259,0.004753,0.014259,0.004753,0.014259,0.004753
55,5308.66,0.87985,0.8285,1.25169,0.91725,0.88035,0.93093,0.78733,0.61315,0.48976,1.04861,0.013962,0.004654,0.013962,0.004654,0.013962,0.004654,0.013962,0.004654
56,5404.27,0.88268,0.82175,1.25072,0.92514,0.87865,0.9339,0.7854,0.6221,0.4932,1.0528,0.013665,0.004555,0.013665,0.004555,0.013665,0.004555,0.013665,0.004555
57,5499.64,0.87651,0.81878,1.25572,0.92106,0.87664,0.93243,0.78721,0.6146,0.49079,1.04913,0.013368,0.004456,0.013368,0.004456,0.013368,0.004456,0.013368,0.004456
58,5595.13,0.87433,0.82035,1.25561,0.92429,0.8705,0.93407,0.79087,0.61417,0.49321,1.04927,0.013071,0.004357,0.013071,0.004357,0.013071,0.004357,0.013071,0.004357
59,5690.94,0.86216,0.80123,1.24153,0.92693,0.87449,0.93365,0.78545,0.61591,0.49547,1.05127,0.012774,0.004258,0.012774,0.004258,0.012774,0.004258,0.012774,0.004258
60,5786.33,0.86403,0.79047,1.24189,0.93161,0.88222,0.93385,0.78896,0.61086,0.47848,1.04913,0.012477,0.004159,0.012477,0.004159,0.012477,0.004159,0.012477,0.004159
61,5881.88,0.86536,0.7983,1.24138,0.91975,0.88362,0.93364,0.78777,0.61049,0.48251,1.04715,0.01218,0.00406,0.01218,0.00406,0.01218,0.00406,0.01218,0.00406
62,5977.46,0.85134,0.78627,1.232,0.93044,0.88378,0.9352,0.79178,0.60349,0.47377,1.04137,0.011883,0.003961,0.011883,0.003961,0.011883,0.003961,0.011883,0.003961
63,6073.02,0.84856,0.77951,1.2327,0.93316,0.88234,0.93526,0.7942,0.60241,0.47004,1.04008,0.011586,0.003862,0.011586,0.003862,0.011586,0.003862,0.011586,0.003862
64,6168.58,0.84985,0.77672,1.23438,0.92686,0.88275,0.93569,0.79613,0.60004,0.46942,1.03676,0.011289,0.003763,0.011289,0.003763,0.011289,0.003763,0.011289,0.003763
65,6264.36,0.83875,0.7743,1.2287,0.92659,0.88435,0.93521,0.79287,0.60283,0.47224,1.0378,0.010992,0.003664,0.010992,0.003664,0.010992,0.003664,0.010992,0.003664
66,6359.94,0.83879,0.76841,1.22532,0.93224,0.88327,0.93585,0.79495,0.59881,0.46954,1.03845,0.010695,0.003565,0.010695,0.003565,0.010695,0.003565,0.010695,0.003565
67,6455.52,0.83618,0.76233,1.22939,0.92853,0.88694,0.93623,0.79567,0.59442,0.46547,1.03554,0.010398,0.003466,0.010398,0.003466,0.010398,0.003466,0.010398,0.003466
68,6551.01,0.82905,0.76083,1.22204,0.93335,0.88106,0.9365,0.79814,0.59139,0.46131,1.03089,0.010101,0.003367,0.010101,0.003367,0.010101,0.003367,0.010101,0.003367
69,6646.56,0.83279,0.75821,1.2271,0.92787,0.8898,0.93655,0.79949,0.58839,0.4579,1.02995,0.009804,0.003268,0.009804,0.003268,0.009804,0.003268,0.009804,0.003268
70,6744.38,0.82303,0.74705,1.21693,0.94118,0.88072,0.93764,0.80039,0.58983,0.45385,1.03071,0.009507,0.003169,0.009507,0.003169,0.009507,0.003169,0.009507,0.003169
71,6842.16,0.82188,0.7407,1.21674,0.93523,0.88298,0.93789,0.80071,0.58844,0.45529,1.02868,0.00921,0.00307,0.00921,0.00307,0.00921,0.00307,0.00921,0.00307
72,6937.76,0.82511,0.74094,1.21892,0.9353,0.88483,0.93869,0.80151,0.58995,0.45408,1.03063,0.008913,0.002971,0.008913,0.002971,0.008913,0.002971,0.008913,0.002971
73,7033.61,0.81425,0.72971,1.20651,0.94131,0.87921,0.93912,0.80148,0.5913,0.45108,1.03115,0.008616,0.002872,0.008616,0.002872,0.008616,0.002872,0.008616,0.002872
74,7129.52,0.8121,0.73425,1.21147,0.93172,0.88953,0.93784,0.80026,0.59189,0.45345,1.03109,0.008319,0.002773,0.008319,0.002773,0.008319,0.002773,0.008319,0.002773
75,7225.32,0.80978,0.73216,1.21259,0.93378,0.88674,0.93712,0.80139,0.58973,0.45496,1.0299,0.008022,0.002674,0.008022,0.002674,0.008022,0.002674,0.008022,0.002674
76,7320.71,0.80544,0.7093,1.20373,0.93591,0.88648,0.93724,0.80208,0.5894,0.45084,1.03036,0.007725,0.002575,0.007725,0.002575,0.007725,0.002575,0.007725,0.002575
77,7416.38,0.80574,0.72615,1.20608,0.93102,0.88786,0.93776,0.80278,0.58811,0.45041,1.02862,0.007428,0.002476,0.007428,0.002476,0.007428,0.002476,0.007428,0.002476
78,7511.79,0.79647,0.70171,1.19713,0.93613,0.88242,0.93747,0.80216,0.58673,0.45019,1.02644,0.007131,0.002377,0.007131,0.002377,0.007131,0.002377,0.007131,0.002377
79,7607.39,0.7988,0.70859,1.20028,0.93194,0.88404,0.93712,0.80153,0.58908,0.45034,1.02684,0.006834,0.002278,0.006834,0.002278,0.006834,0.002278,0.006834,0.002278
80,7703.11,0.79867,0.71455,1.2021,0.93522,0.883,0.93699,0.80184,0.5865,0.44885,1.02569,0.006537,0.002179,0.006537,0.002179,0.006537,0.002179,0.006537,0.002179
81,7798.72,0.78778,0.69903,1.19311,0.93786,0.88009,0.93835,0.80308,0.58591,0.44848,1.0249,0.00624,0.00208,0.00624,0.00208,0.00624,0.00208,0.00624,0.00208
82,7894.32,0.78214,0.68986,1.18959,0.94073,0.87828,0.93871,0.80507,0.58409,0.44783,1.02443,0.005943,0.001981,0.005943,0.001981,0.005943,0.001981,0.005943,0.001981
83,7989.91,0.78481,0.68683,1.19071,0.93248,0.88516,0.93888,0.80571,0.58304,0.44624,1.02346,0.005646,0.001882,0.005646,0.001882,0.005646,0.001882,0.005646,0.001882
84,8085.73,0.78364,0.68609,1.1904,0.9341,0.88432,0.93848,0.80576,0.5813,0.44681,1.02208,0.005349,0.001783,0.005349,0.001783,0.005349,0.001783,0.005349,0.001783
85,8181.29,0.78186,0.68808,1.19164,0.93422,0.88408,0.93868,0.80578,0.58034,0.44747,1.02207,0.005052,0.001684,0.005052,0.001684,0.005052,0.001684,0.005052,0.001684
86,8297.99,0.77801,0.68452,1.18621,0.93352,0.88605,0.93866,0.80658,0.57936,0.44722,1.02219,0.004755,0.001585,0.004755,0.001585,0.004755,0.001585,0.004755,0.001585
87,8438.49,0.7758,0.68253,1.18917,0.93258,0.89022,0.93935,0.80677,0.57949,0.44809,1.02188,0.004458,0.001486,0.004458,0.001486,0.004458,0.001486,0.004458,0.001486
88,8575.71,0.76748,0.66872,1.1801,0.93129,0.89122,0.93951,0.80686,0.57905,0.44673,1.02181,0.004161,0.001387,0.004161,0.001387,0.004161,0.001387,0.004161,0.001387
89,8712.78,0.76741,0.67217,1.18443,0.9314,0.89182,0.93941,0.80694,0.57854,0.44571,1.02213,0.003864,0.001288,0.003864,0.001288,0.003864,0.001288,0.003864,0.001288
90,8849.72,0.76537,0.67211,1.17987,0.93277,0.89109,0.93892,0.80681,0.57767,0.44525,1.02192,0.003567,0.001189,0.003567,0.001189,0.003567,0.001189,0.003567,0.001189
91,9017.13,0.56712,0.38547,1.06975,0.93685,0.88914,0.93897,0.80686,0.57649,0.44533,1.0211,0.00327,0.00109,0.00327,0.00109,0.00327,0.00109,0.00327,0.00109
92,9152.5,0.56015,0.36746,1.06598,0.93192,0.89152,0.93875,0.80728,0.57568,0.44404,1.02006,0.002973,0.000991,0.002973,0.000991,0.002973,0.000991,0.002973,0.000991
93,9290.3,0.5473,0.35768,1.05406,0.93087,0.89299,0.93906,0.80743,0.57484,0.44302,1.01945,0.002676,0.000892,0.002676,0.000892,0.002676,0.000892,0.002676,0.000892
94,9427.83,0.54445,0.35508,1.05248,0.93036,0.89354,0.93937,0.80782,0.57376,0.44093,1.01909,0.002379,0.000793,0.002379,0.000793,0.002379,0.000793,0.002379,0.000793
95,9570.28,0.5367,0.34623,1.04478,0.93134,0.89423,0.93997,0.80884,0.57305,0.43949,1.01861,0.002082,0.000694,0.002082,0.000694,0.002082,0.000694,0.002082,0.000694
96,9705.51,0.53536,0.34036,1.04156,0.92946,0.89295,0.9403,0.80989,0.57202,0.43856,1.01795,0.001785,0.000595,0.001785,0.000595,0.001785,0.000595,0.001785,0.000595
97,9842.39,0.5286,0.33891,1.04288,0.93096,0.89299,0.9406,0.81032,0.57098,0.43748,1.01723,0.001488,0.000496,0.001488,0.000496,0.001488,0.000496,0.001488,0.000496
98,9977.74,0.52351,0.3346,1.03568,0.93702,0.8862,0.94114,0.81108,0.57024,0.43705,1.01676,0.001191,0.000397,0.001191,0.000397,0.001191,0.000397,0.001191,0.000397
99,10113.2,0.50991,0.32375,1.02996,0.93502,0.88886,0.9413,0.81178,0.56991,0.43678,1.01615,0.000894,0.000298,0.000894,0.000298,0.000894,0.000298,0.000894,0.000298
100,10248.6,0.51318,0.32545,1.02781,0.93502,0.88913,0.94147,0.81237,0.56942,0.43644,1.01574,0.000597,0.000199,0.000597,0.000199,0.000597,0.000199,0.000597,0.000199
